Areacode,Placement,Registration,Firstscore,Convertedscore,Percentile,Letterindex
1,1,510101999,91,752,99.41,A
1,2,510100215,83,702,97.86,A-
1,3,510101419,74,654,93.81,B
1,4,510100907,65,617,87.89,B-
1,5,510100001,57,585,80.35,C
1,6,510102061,53,570,75.93,C
1,7,510101220,49,550,69.05,C
1,8,510102524,47,537,64.42,C-
1,9,510100249,46,532,62.58,C-
1,10,510101289,44,522,58.86,C-
1,11,510100125,41,502,50.99,C-
1,12,510101397,40,495,47.97,D
1,13,510100709,38,480,41.9,D
1,14,510102140,32,431,24.42,D-
1,15,510100979,29,408,17.99,D-
1,16,510101553,25,374,10.37,F
2,1,510200221,81,689,97.05,B
2,2,510201206,71,639,91.83,B-
2,3,510200067,70,635,91.13,B-
2,4,510200470,69,632,90.65,B-
2,5,510200383,66,621,88.77,B-
2,6 = 8,510200664,61,601,84.47,B-
2,6 = 8,510200669,61,601,84.47,B-
2,6 = 8,510200259,61,601,84.47,B-
2,9,510200660,59,593,82.33,C
2,10,510200254,44,522,58.86,C-
2,11,510201141,43,516,56.25,C-
2,12 = 14,510200986,38,480,41.9,D
2,12 = 14,511700217,38,480,41.9,D
2,12 = 14,510200659,38,480,41.9,D
2,15,510200765,34,449,30.64,D-
2,16 = 17,510200658,33,440,27.29,D-
2,16 = 17,510201403,33,440,27.29,D-
2,18,510200663,32,431,24.42,D-
2,19,510200908,28,401,16.15,D-
2,20,510200842,26,385,12.28,F
2,21 = 23,510200844,25,374,10.37,F
2,21 = 23,510200841,25,374,10.37,F
2,21 = 23,510200071,25,374,10.37,F
2,24 = 25,510201169,23,353,7.02,F
2,24 = 25,510201293,23,353,7.02,F
2,26,510201791,22,343,5.77,F
2,27,510200884,20,317,3.38,F
3,1,510300870,72,645,92.67,B-
3,2,510301120,66,621,88.77,B-
3,3,510301166,63,609,86.2,B-
3,4,510300234,62,605,85.39,B-
3,5,510300874,53,570,75.93,C
3,6,510300159,43,516,56.25,C-
3,7 = 8,510300657,34,449,30.64,D-
3,7 = 8,510302019,34,449,30.64,D-
3,9,510300187,32,431,24.42,D-
4,1,510400299,81,689,97.05,B
4,2,510400045,76,666,95.14,B
4,3,510400271,75,659,94.44,B
4,4,510400124,68,630,90.25,B-
4,5,510401182,64,612,87.12,B-
4,6 = 7,510400383,48,543,66.74,C-
4,6 = 7,510400173,48,543,66.74,C-
4,8 = 10,510400077,42,509,53.56,C-
4,8 = 10,510400087,42,509,53.56,C-
4,8 = 10,510400644,42,509,53.56,C-
4,11,510400075,40,495,47.97,D
4,12 = 13,510400167,39,487,44.84,D
4,12 = 13,510401126,39,487,44.84,D
4,14,510400110,25,374,10.37,F
4,15,510400549,23,353,7.02,F
4,16,510400322,21,332,4.67,F
4,17,510400250,14,256,0.73,F
4,18,510401205,12,224,0.29,F
5,1,510500233,82,696,97.49,B
5,2,510500268,79,679,96.35,B
5,3,510500137,71,639,91.83,B-
5,4,510500074,70,635,91.13,B-
5,5,510500384,68,630,90.25,B-
5,6,510500080,61,601,84.47,B-
5,7,510500032,59,593,82.33,C
5,8,510500536,52,566,74.39,C
5,9,510500803,50,555,71.04,C
5,10,510500323,48,543,66.74,C-
5,11,510500196,43,516,56.25,C-
6,1,510600098,80,683,96.65,B
6,2,510600197,76,666,95.14,B
6,3,510600060,55,580,78.73,C
6,4,510600132,52,566,74.39,C
6,5,510600243,50,555,71.04,C
6,6,510600245,47,537,64.42,C-
6,7,510600003,44,522,58.86,C-
6,8,510600248,43,516,56.25,C-
6,9,510600171,39,487,44.84,D
6,10,510600073,22,343,5.77,F
7,1,510700209,88,725,98.82,A-
7,2,510701951,85,714,98.38,A-
7,3,510700905,75,659,94.44,B
7,4,510700930,73,650,93.37,B
7,5,510702458,66,621,88.77,B-
7,6,510700865,65,617,87.89,B-
7,7,510702129,63,609,86.2,B-
7,8,510702072,62,605,85.39,B-
7,9 = 11,510701445,59,593,82.33,C
7,9 = 11,510700472,59,593,82.33,C
7,9 = 11,510700003,59,593,82.33,C
7,12,510701047,57,585,80.35,C
7,13,510700385,55,580,78.73,C
7,14,510702393,54,576,77.55,C
7,15 = 16,510701703,53,570,75.93,C
7,15 = 16,510700550,53,570,75.93,C
7,17,510700902,52,566,74.39,C
7,18 = 19,510701940,51,561,72.88,C
7,18 = 19,510702380,51,561,72.88,C
7,20 = 21,510700791,50,555,71.04,C
7,20 = 21,510700841,50,555,71.04,C
7,22,510700922,48,543,66.74,C-
7,23,510702498,47,537,64.42,C-
7,24,510701240,46,532,62.58,C-
7,25 = 26,510701244,45,528,60.92,C-
7,25 = 26,510701073,45,528,60.92,C-
7,27,510701092,39,487,44.84,D
7,28,510700490,38,480,41.9,D
7,29,510700609,37,472,38.96,D
7,30,510700112,36,465,36.35,D
7,31 = 32,510700034,34,449,30.64,D-
7,31 = 32,510702360,34,449,30.64,D-
7,33,510700025,33,440,27.29,D-
7,34,510701691,30,416,20.16,D-
8,1,510800420,74,654,93.81,B
8,2,510801120,54,576,77.55,C
8,3,510800454,52,566,74.39,C
8,4 = 5,510801132,49,550,69.05,C
8,4 = 5,510800036,49,550,69.05,C
8,6,510800059,47,537,64.42,C-
8,7,510800249,45,528,60.92,C-
8,8,510801233,41,502,50.99,C-
8,9,510800017,36,465,36.35,D
8,10,513200010,20,317,3.38,F
8,11,510800019,17,294,1.91,F
9,1,510900208,82,696,97.49,B
9,2,510900523,78,676,96.06,B
9,3,510900686,65,617,87.89,B-
9,4,510900221,61,601,84.47,B-
9,5 = 6,510900759,60,597,83.4,C
9,5 = 6,510900784,60,597,83.4,C
9,7 = 8,510901371,56,583,79.61,C
9,7 = 8,510900385,56,583,79.61,C
9,9,510900514,53,570,75.93,C
9,10,510900090,50,555,71.04,C
9,11 = 12,510900570,48,543,66.74,C-
9,11 = 12,510900586,48,543,66.74,C-
9,13,510900613,34,449,30.64,D-
9,14,510902059,30,416,20.16,D-
10,1,511000641,72,645,92.67,B-
10,2,511000254,71,639,91.83,B-
10,3,511000359,49,550,69.05,C
10,4,511000187,48,543,66.74,C-
10,5,511000458,45,528,60.92,C-
10,6,511000877,40,495,47.97,D
10,7,511000645,35,458,33.81,D
10,8,511000317,34,449,30.64,D-
10,9,511000903,29,408,17.99,D-
10,10,511000908,26,385,12.28,F
10,11,511000202,21,332,4.67,F
11,1,511111143,95,800,99.88,A
11,2,511111200,90,739,99.15,A-
11,3 = 4,511112363,72,645,92.67,B-
11,3 = 4,511112618,72,645,92.67,B-
11,5,511111851,71,639,91.83,B-
11,6,511111685,69,632,90.65,B-
11,7,511112168,68,630,90.25,B-
11,8 = 9,511112589,66,621,88.77,B-
11,8 = 9,511111260,66,621,88.77,B-
11,10,511112541,64,612,87.12,B-
11,11,511111933,63,609,86.2,B-
11,12,511111750,62,605,85.39,B-
11,13,511111713,57,585,80.35,C
11,14 = 15,511111935,56,583,79.61,C
11,14 = 15,511113522,56,583,79.61,C
11,16,511111474,54,576,77.55,C
11,17,511111680,48,543,66.74,C-
11,18,511112632,46,532,62.58,C-
11,19,511112166,43,516,56.25,C-
11,20,511111520,35,458,33.81,D
11,21,511112163,34,449,30.64,D-
11,22,511111981,33,440,27.29,D-
11,23,511111867,29,408,17.99,D-
11,24,511113513,27,393,14.31,F
11,25,511112640,26,385,12.28,F
12,1,511201900,81,689,97.05,B
12,2,511200736,78,676,96.06,B
12,3,511200041,71,639,91.83,B-
12,4 = 5,511202435,64,612,87.12,B-
12,4 = 5,511202596,64,612,87.12,B-
12,6 = 7,511200003,60,597,83.4,C
12,6 = 7,511201384,60,597,83.4,C
12,8,511201323,58,588,81.19,C
12,9,511200623,52,566,74.39,C
12,10 = 11,511200315,51,561,72.88,C
12,10 = 11,511201910,51,561,72.88,C
12,12,511200541,46,532,62.58,C-
12,13,511200464,45,528,60.92,C-
12,14 = 17,511200192,43,516,56.25,C-
12,14 = 17,511200688,43,516,56.25,C-
12,14 = 17,511201848,43,516,56.25,C-
12,14 = 17,511202028,43,516,56.25,C-
12,18 = 20,511201997,42,509,53.56,C-
12,18 = 20,511201912,42,509,53.56,C-
12,18 = 20,511202824,42,509,53.56,C-
12,21,511202046,41,502,50.99,C-
12,22 = 23,511203455,40,495,47.97,D
12,22 = 23,511200243,40,495,47.97,D
12,24 = 26,511201799,38,480,41.9,D
12,24 = 26,511203372,38,480,41.9,D
12,24 = 26,511202010,38,480,41.9,D
12,27,511201708,37,472,38.96,D
12,28,511202088,35,458,33.81,D
12,29,511200020,33,440,27.29,D-
12,30,511202823,31,423,22.18,D-
12,31,511200413,29,408,17.99,D-
12,32 = 33,511204255,24,364,8.64,F
12,32 = 33,511201985,24,364,8.64,F
12,34,511202526,23,353,7.02,F
13,1,511302540,92,768,99.63,A
13,2,511300868,86,717,98.52,A-
13,3,511302503,83,702,97.86,A-
13,4,511300680,67,626,89.66,B-
13,5,511302011,65,617,87.89,B-
13,6 = 7,511300870,64,612,87.12,B-
13,6 = 7,511300320,64,612,87.12,B-
13,8,511300905,63,609,86.2,B-
13,9,511302468,61,601,84.47,B-
13,10,511300238,53,570,75.93,C
13,11,511300760,51,561,72.88,C
13,12,511300710,50,555,71.04,C
13,13,511300653,48,543,66.74,C-
13,14,511300790,46,532,62.58,C-
13,15 = 16,511300250,45,528,60.92,C-
13,15 = 16,511300220,45,528,60.92,C-
13,17,511300020,44,522,58.86,C-
13,18,511300972,42,509,53.56,C-
13,19,511300816,37,472,38.96,D
13,20,511300117,35,458,33.81,D
13,21,511301703,33,440,27.29,D-
13,22 = 23,511302182,32,431,24.42,D-
13,22 = 23,511300241,32,431,24.42,D-
13,24 = 25,511300083,30,416,20.16,D-
13,24 = 25,511300756,30,416,20.16,D-
13,26 = 27,511300068,29,408,17.99,D-
13,26 = 27,511301907,29,408,17.99,D-
13,28,511300094,28,401,16.15,D-
13,29 = 30,511300656,27,393,14.31,F
13,29 = 30,511302400,27,393,14.31,F
13,31,511300805,26,385,12.28,F
14,1,511400443,93,780,99.74,A
14,2,511400197,88,725,98.82,A-
14,3,511400094,80,683,96.65,B
14,4,511400128,75,659,94.44,B
14,5,511400019,73,650,93.37,B
14,6,511400451,64,612,87.12,B-
14,7,511401263,63,609,86.2,B-
14,8,511400031,62,605,85.39,B-
14,9,511400037,61,601,84.47,B-
14,10,511400014,50,555,71.04,C
14,11,511401316,41,502,50.99,C-
14,12,511401306,39,487,44.84,D
14,13,511400001,26,385,12.28,F
15,1 = 2,511501122,80,683,96.65,B
15,1 = 2,511501459,80,683,96.65,B
15,3,511500416,72,645,92.67,B-
15,4,511500581,70,635,91.13,B-
15,5,511500588,61,601,84.47,B-
15,6,511500451,57,585,80.35,C
15,7,511500595,54,576,77.55,C
15,8 = 9,511500535,52,566,74.39,C
15,8 = 9,511500226,52,566,74.39,C
15,10,511501695,50,555,71.04,C
15,11,511500597,48,543,66.74,C-
15,12,511500039,46,532,62.58,C-
15,13,511500356,41,502,50.99,C-
15,14,511500012,39,487,44.84,D
15,15 = 17,511500799,37,472,38.96,D
15,15 = 17,511500195,37,472,38.96,D
15,15 = 17,511500985,37,472,38.96,D
15,18,511500739,32,431,24.42,D-
15,19,511500810,31,423,22.18,D-
15,20,511501454,30,416,20.16,D-
15,21,511500245,28,401,16.15,D-
15,22,511500309,27,393,14.31,F
15,23 = 24,511500579,23,353,7.02,F
15,23 = 24,511500655,23,353,7.02,F
15,25 = 26,511502022,20,317,3.38,F
15,25 = 26,511501223,20,317,3.38,F
16,1,511601478,90,739,99.15,A-
16,2,511601614,75,659,94.44,B
16,3,511601920,74,654,93.81,B
16,4,511600799,72,645,92.67,B-
16,5,511600060,71,639,91.83,B-
16,6,511601540,51,561,72.88,C
16,7,511601052,48,543,66.74,C-
16,8,511600970,45,528,60.92,C-
16,9,511601326,39,487,44.84,D
17,1,511700530,71,639,91.83,B-
17,2,511700398,61,601,84.47,B-
17,3,511700415,49,550,69.05,C
17,4 = 5,511700627,47,537,64.42,C-
17,4 = 5,511702200,47,537,64.42,C-
17,6 = 7,511700429,38,480,41.9,D
17,6 = 7,511700412,38,480,41.9,D
17,8,511700413,29,408,17.99,D-
17,9,511700427,28,401,16.15,D-
17,10,511700692,27,393,14.31,F
17,11,511700008,25,374,10.37,F
17,12,511702607,23,353,7.02,F
17,13,511702610,17,294,1.91,F
18,1,511800575,88,725,98.82,A-
18,2,511800758,78,676,96.06,B
18,3,511801354,72,645,92.67,B-
18,4,511800894,66,621,88.77,B-
18,5,511800815,64,612,87.12,B-
18,6,511801441,61,601,84.47,B-
18,7,511800367,50,555,71.04,C
18,8 = 9,511800910,48,543,66.74,C-
18,8 = 9,511800877,48,543,66.74,C-
18,10,511800075,47,537,64.42,C-
18,11,511800716,44,522,58.86,C-
18,12,511800416,43,516,56.25,C-
18,13,511801438,41,502,50.99,C-
18,14 = 15,511801831,38,480,41.9,D
18,14 = 15,511800615,38,480,41.9,D
18,16 = 17,511800168,37,472,38.96,D
18,16 = 17,511801393,37,472,38.96,D
18,18,511800873,34,449,30.64,D-
18,19,511800325,33,440,27.29,D-
18,20,511800263,31,423,22.18,D-
18,21 = 22,511800457,30,416,20.16,D-
18,21 = 22,511800458,30,416,20.16,D-
18,23,511801818,18,300,2.2,F
19,1,511901082,96,800,99.96,A
19,2,511901299,73,650,93.37,B
19,3,511901596,70,635,91.13,B-
19,4,511900547,68,630,90.25,B-
19,5 = 6,511900625,66,621,88.77,B-
19,5 = 6,511900326,66,621,88.77,B-
19,7,511903278,65,617,87.89,B-
19,8,511900807,62,605,85.39,B-
19,9,511900278,60,597,83.4,C
19,10 = 11,511902069,58,588,81.19,C
19,10 = 11,511901413,58,588,81.19,C
19,12,511901188,56,583,79.61,C
19,13,511900851,55,580,78.73,C
19,14,511902155,54,576,77.55,C
19,15,511901667,52,566,74.39,C
19,16,511903528,49,550,69.05,C
19,17,511900018,48,543,66.74,C-
19,18,511902751,47,537,64.42,C-
19,19,511903073,44,522,58.86,C-
19,20,511900333,42,509,53.56,C-
19,21,511902441,40,495,47.97,D
19,22,511901015,38,480,41.9,D
19,23 = 24,511902188,37,472,38.96,D
19,23 = 24,511902285,37,472,38.96,D
19,25,511900262,35,458,33.81,D
19,26 = 28,511900590,34,449,30.64,D-
19,26 = 28,511900120,34,449,30.64,D-
19,26 = 28,511900199,34,449,30.64,D-
19,29 = 30,511903989,33,440,27.29,D-
19,29 = 30,511904000,33,440,27.29,D-
19,31 = 32,511900337,31,423,22.18,D-
19,31 = 32,511901681,31,423,22.18,D-
19,33,511903630,30,416,20.16,D-
19,34 = 35,511901707,26,385,12.28,F
19,34 = 35,511902022,26,385,12.28,F
19,36,511900891,24,364,8.64,F
19,37 = 39,511900056,23,353,7.02,F
19,37 = 39,511901539,23,353,7.02,F
19,37 = 39,511903238,23,353,7.02,F
19,40,511900306,20,317,3.38,F
20,1,512002102,94,790,99.81,A
20,2,512001238,91,752,99.41,A
20,3,512002014,87,721,98.63,A-
20,4,512001502,84,709,98.16,A-
20,5,512002042,83,702,97.86,A-
20,6,512001428,82,696,97.49,B
20,7,512000563,81,689,97.05,B
20,8,512001842,78,676,96.06,B
20,9,512000762,77,671,95.65,B
20,10,512000578,76,666,95.14,B
20,11,512002104,75,659,94.44,B
20,12,512000286,74,654,93.81,B
20,13,512001962,70,635,91.13,B-
20,14,512001292,67,626,89.66,B-
20,15 = 16,512001082,66,621,88.77,B-
20,15 = 16,512002185,66,621,88.77,B-
20,17,512002067,54,576,77.55,C
20,18,512001254,53,570,75.93,C
20,19,512000754,52,566,74.39,C
20,20,512000079,44,522,58.86,C-
20,21,512000733,42,509,53.56,C-
20,22 = 23,512000640,41,502,50.99,C-
20,22 = 23,512002521,41,502,50.99,C-
20,24,512000182,39,487,44.84,D
20,25,512000655,38,480,41.9,D
20,26,512003008,37,472,38.96,D
20,27,512000769,35,458,33.81,D
20,28,512002510,34,449,30.64,D-
20,29,512000126,32,431,24.42,D-
20,30,512000712,10,200,0.11,F
21,1,512100225,85,714,98.38,A-
21,2,512101021,73,650,93.37,B
21,3,512100413,63,609,86.2,B-
21,4,512100733,59,593,82.33,C
21,5,512100648,54,576,77.55,C
21,6,512100075,53,570,75.93,C
21,7 = 8,512100326,48,543,66.74,C-
21,7 = 8,512100941,48,543,66.74,C-
21,9,512100236,45,528,60.92,C-
21,10,512100640,42,509,53.56,C-
21,11,512100445,38,480,41.9,D
21,12 = 13,512100649,33,440,27.29,D-
21,12 = 13,512100279,33,440,27.29,D-
22,1,512200976,60,597,83.4,C
22,2,512200489,56,583,79.61,C
22,3,512200537,55,580,78.73,C
22,4,512201000,54,576,77.55,C
22,5 = 6,512200552,51,561,72.88,C
22,5 = 6,512200611,51,561,72.88,C
22,7,512200513,49,550,69.05,C
22,8 = 13,512200608,47,537,64.42,C-
22,8 = 13,512200581,47,537,64.42,C-
22,8 = 13,512200144,47,537,64.42,C-
22,8 = 13,512200245,47,537,64.42,C-
22,8 = 13,512200949,47,537,64.42,C-
22,8 = 13,512200969,47,537,64.42,C-
22,14 = 16,512201144,46,532,62.58,C-
22,14 = 16,512200426,46,532,62.58,C-
22,14 = 16,512200588,46,532,62.58,C-
22,17,512200084,45,528,60.92,C-
22,18 = 24,512200409,44,522,58.86,C-
22,18 = 24,512200571,44,522,58.86,C-
22,18 = 24,512200703,44,522,58.86,C-
22,18 = 24,512200530,44,522,58.86,C-
22,18 = 24,512200477,44,522,58.86,C-
22,18 = 24,512200507,44,522,58.86,C-
22,18 = 24,512200977,44,522,58.86,C-
22,25 = 29,512200564,43,516,56.25,C-
22,25 = 29,512200413,43,516,56.25,C-
22,25 = 29,512200415,43,516,56.25,C-
22,25 = 29,512200461,43,516,56.25,C-
22,25 = 29,512200186,43,516,56.25,C-
22,30 = 34,512200242,42,509,53.56,C-
22,30 = 34,512200255,42,509,53.56,C-
22,30 = 34,512200587,42,509,53.56,C-
22,30 = 34,512200756,42,509,53.56,C-
22,30 = 34,512200512,42,509,53.56,C-
22,35 = 37,512200488,41,502,50.99,C-
22,35 = 37,512200254,41,502,50.99,C-
22,35 = 37,512200013,41,502,50.99,C-
22,38 = 43,512200015,40,495,47.97,D
22,38 = 43,512200452,40,495,47.97,D
22,38 = 43,512200445,40,495,47.97,D
22,38 = 43,512200404,40,495,47.97,D
22,38 = 43,512200591,40,495,47.97,D
22,38 = 43,513105025,40,495,47.97,D
22,44 = 46,512201234,39,487,44.84,D
22,44 = 46,512200806,39,487,44.84,D
22,44 = 46,512200241,39,487,44.84,D
22,47 = 50,512200253,37,472,38.96,D
22,47 = 50,512200244,37,472,38.96,D
22,47 = 50,512200420,37,472,38.96,D
22,47 = 50,512200959,37,472,38.96,D
22,51 = 53,512200974,36,465,36.35,D
22,51 = 53,512200240,36,465,36.35,D
22,51 = 53,512200001,36,465,36.35,D
22,54 = 57,512200317,35,458,33.81,D
22,54 = 57,512200600,35,458,33.81,D
22,54 = 57,512200501,35,458,33.81,D
22,54 = 57,512200539,35,458,33.81,D
22,58 = 61,512200534,34,449,30.64,D-
22,58 = 61,512200261,34,449,30.64,D-
22,58 = 61,512200011,34,449,30.64,D-
22,58 = 61,512200979,34,449,30.64,D-
22,62 = 65,512200198,33,440,27.29,D-
22,62 = 65,512200367,33,440,27.29,D-
22,62 = 65,512200469,33,440,27.29,D-
22,62 = 65,512200554,33,440,27.29,D-
22,66 = 68,512200447,32,431,24.42,D-
22,66 = 68,512200385,32,431,24.42,D-
22,66 = 68,512200187,32,431,24.42,D-
22,69,512200759,31,423,22.18,D-
22,70 = 71,512200519,30,416,20.16,D-
22,70 = 71,512200694,30,416,20.16,D-
22,72 = 76,512200944,29,408,17.99,D-
22,72 = 76,512200491,29,408,17.99,D-
22,72 = 76,512200779,29,408,17.99,D-
22,72 = 76,512200575,29,408,17.99,D-
22,72 = 76,512200434,29,408,17.99,D-
22,77,512200973,27,393,14.31,F
22,78,512200449,26,385,12.28,F
22,79 = 81,512200122,24,364,8.64,F
22,79 = 81,512200012,24,364,8.64,F
22,79 = 81,512200619,24,364,8.64,F
22,82 = 83,512200569,22,343,5.77,F
22,82 = 83,512200593,22,343,5.77,F
22,84 = 85,512200456,18,300,2.2,F
22,84 = 85,512201209,18,300,2.2,F
23,1,512505571,92,768,99.63,A
23,2 = 3,512901999,91,752,99.41,A
23,2 = 3,512500097,91,752,99.41,A
23,4,512902992,90,739,99.15,A-
23,5,512803499,89,733,99,A-
23,6,512801086,88,725,98.82,A-
23,7,512700717,86,717,98.52,A-
23,8 = 10,512700740,84,709,98.16,A-
23,8 = 10,512400030,84,709,98.16,A-
23,8 = 10,512701878,84,709,98.16,A-
23,11,512600076,83,702,97.86,A-
23,12 = 14,512702211,82,696,97.49,B
23,12 = 14,512503447,82,696,97.49,B
23,12 = 14,512508060,82,696,97.49,B
23,15 = 16,512803601,81,689,97.05,B
23,15 = 16,512502085,81,689,97.05,B
23,17,512804606,80,683,96.65,B
23,18 = 19,512801082,79,679,96.35,B
23,18 = 19,512402806,79,679,96.35,B
23,20,513001002,78,676,96.06,B
23,21 = 25,512901692,77,671,95.65,B
23,21 = 25,512700028,77,671,95.65,B
23,21 = 25,512902849,77,671,95.65,B
23,21 = 25,512904370,77,671,95.65,B
23,21 = 25,513002912,77,671,95.65,B
23,26 = 30,512704898,76,666,95.14,B
23,26 = 30,512803952,76,666,95.14,B
23,26 = 30,512700004,76,666,95.14,B
23,26 = 30,512503347,76,666,95.14,B
23,26 = 30,512900987,76,666,95.14,B
23,31 = 36,512401997,75,659,94.44,B
23,31 = 36,512500107,75,659,94.44,B
23,31 = 36,512801020,75,659,94.44,B
23,31 = 36,512403635,75,659,94.44,B
23,31 = 36,512902593,75,659,94.44,B
23,31 = 36,512904402,75,659,94.44,B
23,37 = 38,512404761,74,654,93.81,B
23,37 = 38,512402353,74,654,93.81,B
23,39 = 40,513001485,73,650,93.37,B
23,39 = 40,512801902,73,650,93.37,B
23,41 = 46,512701042,72,645,92.67,B-
23,41 = 46,512500425,72,645,92.67,B-
23,41 = 46,512402316,72,645,92.67,B-
23,41 = 46,512902979,72,645,92.67,B-
23,41 = 46,513002159,72,645,92.67,B-
23,41 = 46,512404221,72,645,92.67,B-
23,47 = 49,512402325,71,639,91.83,B-
23,47 = 49,513001150,71,639,91.83,B-
23,47 = 49,512503270,71,639,91.83,B-
23,50 = 53,512802345,70,635,91.13,B-
23,50 = 53,512702948,70,635,91.13,B-
23,50 = 53,512800063,70,635,91.13,B-
23,50 = 53,512400182,70,635,91.13,B-
23,54 = 55,512801625,69,632,90.65,B-
23,54 = 55,512503332,69,632,90.65,B-
23,56 = 58,512703235,68,630,90.25,B-
23,56 = 58,512800137,68,630,90.25,B-
23,56 = 58,512903278,68,630,90.25,B-
23,59 = 65,512704108,67,626,89.66,B-
23,59 = 65,512801718,67,626,89.66,B-
23,59 = 65,512900495,67,626,89.66,B-
23,59 = 65,512901695,67,626,89.66,B-
23,59 = 65,512402751,67,626,89.66,B-
23,59 = 65,512503214,67,626,89.66,B-
23,59 = 65,512503049,67,626,89.66,B-
23,66 = 70,512505503,66,621,88.77,B-
23,66 = 70,512702965,66,621,88.77,B-
23,66 = 70,512900623,66,621,88.77,B-
23,66 = 70,512500408,66,621,88.77,B-
23,66 = 70,512800710,66,621,88.77,B-
23,71 = 74,512704166,65,617,87.89,B-
23,71 = 74,513002408,65,617,87.89,B-
23,71 = 74,512506222,65,617,87.89,B-
23,71 = 74,513104376,65,617,87.89,B-
23,75 = 78,512509029,64,612,87.12,B-
23,75 = 78,512700029,64,612,87.12,B-
23,75 = 78,512800304,64,612,87.12,B-
23,75 = 78,512703090,64,612,87.12,B-
23,79 = 85,512400033,63,609,86.2,B-
23,79 = 85,512500363,63,609,86.2,B-
23,79 = 85,512900548,63,609,86.2,B-
23,79 = 85,513000425,63,609,86.2,B-
23,79 = 85,512801090,63,609,86.2,B-
23,79 = 85,512501980,63,609,86.2,B-
23,79 = 85,512507509,63,609,86.2,B-
23,86 = 89,512506167,62,605,85.39,B-
23,86 = 89,513001839,62,605,85.39,B-
23,86 = 89,512801006,62,605,85.39,B-
23,86 = 89,512503643,62,605,85.39,B-
23,90 = 95,512700463,61,601,84.47,B-
23,90 = 95,512900339,61,601,84.47,B-
23,90 = 95,512803625,61,601,84.47,B-
23,90 = 95,512505766,61,601,84.47,B-
23,90 = 95,512804172,61,601,84.47,B-
23,90 = 95,512405122,61,601,84.47,B-
23,96 = 102,513102304,60,597,83.4,C
23,96 = 102,512510853,60,597,83.4,C
23,96 = 102,512400504,60,597,83.4,C
23,96 = 102,512400081,60,597,83.4,C
23,96 = 102,512801053,60,597,83.4,C
23,96 = 102,512800955,60,597,83.4,C
23,96 = 102,512402014,60,597,83.4,C
23,103 = 112,512503061,59,593,82.33,C
23,103 = 112,512900949,59,593,82.33,C
23,103 = 112,512802208,59,593,82.33,C
23,103 = 112,513000733,59,593,82.33,C
23,103 = 112,513001350,59,593,82.33,C
23,103 = 112,512801069,59,593,82.33,C
23,103 = 112,512502236,59,593,82.33,C
23,103 = 112,512800626,59,593,82.33,C
23,103 = 112,513104932,59,593,82.33,C
23,103 = 112,512506460,59,593,82.33,C
23,113 = 124,512804380,58,588,81.19,C
23,113 = 124,513102223,58,588,81.19,C
23,113 = 124,512903271,58,588,81.19,C
23,113 = 124,512507225,58,588,81.19,C
23,113 = 124,513000176,58,588,81.19,C
23,113 = 124,512400550,58,588,81.19,C
23,113 = 124,512800423,58,588,81.19,C
23,113 = 124,513100329,58,588,81.19,C
23,113 = 124,512801081,58,588,81.19,C
23,113 = 124,512902107,58,588,81.19,C
23,113 = 124,512701739,58,588,81.19,C
23,113 = 124,512502816,58,588,81.19,C
23,125 = 128,512500174,57,585,80.35,C
23,125 = 128,512400432,57,585,80.35,C
23,125 = 128,512403818,57,585,80.35,C
23,125 = 128,512506733,57,585,80.35,C
23,129 = 134,512403811,56,583,79.61,C
23,129 = 134,512905053,56,583,79.61,C
23,129 = 134,512510181,56,583,79.61,C
23,129 = 134,512501205,56,583,79.61,C
23,129 = 134,512401885,56,583,79.61,C
23,129 = 134,512802441,56,583,79.61,C
23,135 = 142,512401914,55,580,78.73,C
23,135 = 142,512701481,55,580,78.73,C
23,135 = 142,512504079,55,580,78.73,C
23,135 = 142,512501328,55,580,78.73,C
23,135 = 142,512502222,55,580,78.73,C
23,135 = 142,512501772,55,580,78.73,C
23,135 = 142,513102944,55,580,78.73,C
23,135 = 142,513103710,55,580,78.73,C
23,143 = 154,513104401,54,576,77.55,C
23,143 = 154,513104812,54,576,77.55,C
23,143 = 154,512506505,54,576,77.55,C
23,143 = 154,512704442,54,576,77.55,C
23,143 = 154,513101275,54,576,77.55,C
23,143 = 154,513101327,54,576,77.55,C
23,143 = 154,513000115,54,576,77.55,C
23,143 = 154,512902234,54,576,77.55,C
23,143 = 154,512902340,54,576,77.55,C
23,143 = 154,513001828,54,576,77.55,C
23,143 = 154,512901333,54,576,77.55,C
23,143 = 154,512503622,54,576,77.55,C
23,155 = 170,512901166,53,570,75.93,C
23,155 = 170,512504913,53,570,75.93,C
23,155 = 170,512900301,53,570,75.93,C
23,155 = 170,512800309,53,570,75.93,C
23,155 = 170,512500032,53,570,75.93,C
23,155 = 170,512801548,53,570,75.93,C
23,155 = 170,512401524,53,570,75.93,C
23,155 = 170,512502288,53,570,75.93,C
23,155 = 170,512801714,53,570,75.93,C
23,155 = 170,512508153,53,570,75.93,C
23,155 = 170,512404590,53,570,75.93,C
23,155 = 170,512804023,53,570,75.93,C
23,155 = 170,513105293,53,570,75.93,C
23,155 = 170,513104169,53,570,75.93,C
23,155 = 170,512405839,53,570,75.93,C
23,155 = 170,512903857,53,570,75.93,C
23,171 = 179,513102585,52,566,74.39,C
23,171 = 179,512509939,52,566,74.39,C
23,171 = 179,513102146,52,566,74.39,C
23,171 = 179,512401565,52,566,74.39,C
23,171 = 179,513101355,52,566,74.39,C
23,171 = 179,512501343,52,566,74.39,C
23,171 = 179,512500690,52,566,74.39,C
23,171 = 179,512503645,52,566,74.39,C
23,171 = 179,512701478,52,566,74.39,C
23,180 = 194,512701591,51,561,72.88,C
23,180 = 194,513000750,51,561,72.88,C
23,180 = 194,512503345,51,561,72.88,C
23,180 = 194,512703309,51,561,72.88,C
23,180 = 194,512800535,51,561,72.88,C
23,180 = 194,512400078,51,561,72.88,C
23,180 = 194,512400158,51,561,72.88,C
23,180 = 194,512801489,51,561,72.88,C
23,180 = 194,512902589,51,561,72.88,C
23,180 = 194,513002449,51,561,72.88,C
23,180 = 194,512903434,51,561,72.88,C
23,180 = 194,512405196,51,561,72.88,C
23,180 = 194,512405804,51,561,72.88,C
23,180 = 194,513104825,51,561,72.88,C
23,180 = 194,513105120,51,561,72.88,C
23,195 = 212,512405808,50,555,71.04,C
23,195 = 212,513103310,50,555,71.04,C
23,195 = 212,512507296,50,555,71.04,C
23,195 = 212,513001845,50,555,71.04,C
23,195 = 212,512506146,50,555,71.04,C
23,195 = 212,512701141,50,555,71.04,C
23,195 = 212,512801313,50,555,71.04,C
23,195 = 212,512900634,50,555,71.04,C
23,195 = 212,513000280,50,555,71.04,C
23,195 = 212,512700065,50,555,71.04,C
23,195 = 212,512400253,50,555,71.04,C
23,195 = 212,512600035,50,555,71.04,C
23,195 = 212,512902406,50,555,71.04,C
23,195 = 212,513001658,50,555,71.04,C
23,195 = 212,512901841,50,555,71.04,C
23,195 = 212,512401949,50,555,71.04,C
23,195 = 212,512503088,50,555,71.04,C
23,195 = 212,512801973,50,555,71.04,C
23,213 = 232,512701484,49,550,69.05,C
23,213 = 232,512802172,49,550,69.05,C
23,213 = 232,512502527,49,550,69.05,C
23,213 = 232,512701623,49,550,69.05,C
23,213 = 232,512802306,49,550,69.05,C
23,213 = 232,512802369,49,550,69.05,C
23,213 = 232,512902033,49,550,69.05,C
23,213 = 232,512503903,49,550,69.05,C
23,213 = 232,512504069,49,550,69.05,C
23,213 = 232,512403243,49,550,69.05,C
23,213 = 232,512403319,49,550,69.05,C
23,213 = 232,512900036,49,550,69.05,C
23,213 = 232,512400131,49,550,69.05,C
23,213 = 232,512400099,49,550,69.05,C
23,213 = 232,512801021,49,550,69.05,C
23,213 = 232,512701045,49,550,69.05,C
23,213 = 232,513001926,49,550,69.05,C
23,213 = 232,512903317,49,550,69.05,C
23,213 = 232,512510137,49,550,69.05,C
23,213 = 232,513105274,49,550,69.05,C
23,233 = 252,512904813,48,543,66.74,C-
23,233 = 252,513002382,48,543,66.74,C-
23,233 = 252,512404920,48,543,66.74,C-
23,233 = 252,512507846,48,543,66.74,C-
23,233 = 252,512903138,48,543,66.74,C-
23,233 = 252,512404595,48,543,66.74,C-
23,233 = 252,512404485,48,543,66.74,C-
23,233 = 252,512404459,48,543,66.74,C-
23,233 = 252,512505953,48,543,66.74,C-
23,233 = 252,512703579,48,543,66.74,C-
23,233 = 252,512801662,48,543,66.74,C-
23,233 = 252,512500895,48,543,66.74,C-
23,233 = 252,513000243,48,543,66.74,C-
23,233 = 252,513100363,48,543,66.74,C-
23,233 = 252,512700194,48,543,66.74,C-
23,233 = 252,512700021,48,543,66.74,C-
23,233 = 252,512902053,48,543,66.74,C-
23,233 = 252,512702461,48,543,66.74,C-
23,233 = 252,512402022,48,543,66.74,C-
23,233 = 252,512503211,48,543,66.74,C-
23,253 = 265,512702256,47,537,64.42,C-
23,253 = 265,512802828,47,537,64.42,C-
23,253 = 265,512502483,47,537,64.42,C-
23,253 = 265,512702659,47,537,64.42,C-
23,253 = 265,512900262,47,537,64.42,C-
23,253 = 265,512500853,47,537,64.42,C-
23,253 = 265,513000355,47,537,64.42,C-
23,253 = 265,513101326,47,537,64.42,C-
23,253 = 265,512401575,47,537,64.42,C-
23,253 = 265,512900919,47,537,64.42,C-
23,253 = 265,512801684,47,537,64.42,C-
23,253 = 265,512704568,47,537,64.42,C-
23,253 = 265,513104028,47,537,64.42,C-
23,266 = 279,512404387,46,532,62.58,C-
23,266 = 279,512703538,46,532,62.58,C-
23,266 = 279,512401387,46,532,62.58,C-
23,266 = 279,512501624,46,532,62.58,C-
23,266 = 279,512701015,46,532,62.58,C-
23,266 = 279,512801424,46,532,62.58,C-
23,266 = 279,512900509,46,532,62.58,C-
23,266 = 279,513101051,46,532,62.58,C-
23,266 = 279,512800067,46,532,62.58,C-
23,266 = 279,512800054,46,532,62.58,C-
23,266 = 279,512803185,46,532,62.58,C-
23,266 = 279,513001796,46,532,62.58,C-
23,266 = 279,512505284,46,532,62.58,C-
23,266 = 279,512901132,46,532,62.58,C-
23,280 = 291,512503187,45,528,60.92,C-
23,280 = 291,512703042,45,528,60.92,C-
23,280 = 291,512504134,45,528,60.92,C-
23,280 = 291,512800328,45,528,60.92,C-
23,280 = 291,512500446,45,528,60.92,C-
23,280 = 291,512900791,45,528,60.92,C-
23,280 = 291,513000547,45,528,60.92,C-
23,280 = 291,513102273,45,528,60.92,C-
23,280 = 291,512508184,45,528,60.92,C-
23,280 = 291,512508296,45,528,60.92,C-
23,280 = 291,512510148,45,528,60.92,C-
23,280 = 291,512510707,45,528,60.92,C-
23,292 = 311,512510638,44,522,58.86,C-
23,292 = 311,512903901,44,522,58.86,C-
23,292 = 311,512511790,44,522,58.86,C-
23,292 = 311,513104552,44,522,58.86,C-
23,292 = 311,512804736,44,522,58.86,C-
23,292 = 311,512404250,44,522,58.86,C-
23,292 = 311,513101605,44,522,58.86,C-
23,292 = 311,512501802,44,522,58.86,C-
23,292 = 311,512501018,44,522,58.86,C-
23,292 = 311,512500813,44,522,58.86,C-
23,292 = 311,512900608,44,522,58.86,C-
23,292 = 311,512800226,44,522,58.86,C-
23,292 = 311,512900032,44,522,58.86,C-
23,292 = 311,512902244,44,522,58.86,C-
23,292 = 311,512403142,44,522,58.86,C-
23,292 = 311,512802680,44,522,58.86,C-
23,292 = 311,512701586,44,522,58.86,C-
23,292 = 311,512901121,44,522,58.86,C-
23,292 = 311,513000738,44,522,58.86,C-
23,292 = 311,512802069,44,522,58.86,C-
23,312 = 333,512802206,43,516,56.25,C-
23,312 = 333,512401780,43,516,56.25,C-
23,312 = 333,512502813,43,516,56.25,C-
23,312 = 333,513001087,43,516,56.25,C-
23,312 = 333,512802579,43,516,56.25,C-
23,312 = 333,512802548,43,516,56.25,C-
23,312 = 333,512702010,43,516,56.25,C-
23,312 = 333,512902150,43,516,56.25,C-
23,312 = 333,512504127,43,516,56.25,C-
23,312 = 333,512702695,43,516,56.25,C-
23,312 = 333,512700008,43,516,56.25,C-
23,312 = 333,513100624,43,516,56.25,C-
23,312 = 333,512800602,43,516,56.25,C-
23,312 = 333,513101138,43,516,56.25,C-
23,312 = 333,513101212,43,516,56.25,C-
23,312 = 333,512501302,43,516,56.25,C-
23,312 = 333,512900423,43,516,56.25,C-
23,312 = 333,512502263,43,516,56.25,C-
23,312 = 333,513002094,43,516,56.25,C-
23,312 = 333,513104972,43,516,56.25,C-
23,312 = 333,513105775,43,516,56.25,C-
23,312 = 333,512511158,43,516,56.25,C-
23,334 = 354,512903836,42,509,53.56,C-
23,334 = 354,513104009,42,509,53.56,C-
23,334 = 354,513002160,42,509,53.56,C-
23,334 = 354,512902459,42,509,53.56,C-
23,334 = 354,512404975,42,509,53.56,C-
23,334 = 354,512502010,42,509,53.56,C-
23,334 = 354,512701040,42,509,53.56,C-
23,334 = 354,512501549,42,509,53.56,C-
23,334 = 354,512700748,42,509,53.56,C-
23,334 = 354,512501147,42,509,53.56,C-
23,334 = 354,512500787,42,509,53.56,C-
23,334 = 354,512700429,42,509,53.56,C-
23,334 = 354,513100418,42,509,53.56,C-
23,334 = 354,512800259,42,509,53.56,C-
23,334 = 354,512504410,42,509,53.56,C-
23,334 = 354,512402427,42,509,53.56,C-
23,334 = 354,512803344,42,509,53.56,C-
23,334 = 354,512803520,42,509,53.56,C-
23,334 = 354,512901336,42,509,53.56,C-
23,334 = 354,512802533,42,509,53.56,C-
23,334 = 354,512901256,42,509,53.56,C-
23,355 = 377,512802389,41,502,50.99,C-
23,355 = 377,512401792,41,502,50.99,C-
23,355 = 377,512701520,41,502,50.99,C-
23,355 = 377,512802528,41,502,50.99,C-
23,355 = 377,512401977,41,502,50.99,C-
23,355 = 377,513000960,41,502,50.99,C-
23,355 = 377,512503348,41,502,50.99,C-
23,355 = 377,512702367,41,502,50.99,C-
23,355 = 377,513001164,41,502,50.99,C-
23,355 = 377,513001703,41,502,50.99,C-
23,355 = 377,512402784,41,502,50.99,C-
23,355 = 377,512702508,41,502,50.99,C-
23,355 = 377,513001295,41,502,50.99,C-
23,355 = 377,512600009,41,502,50.99,C-
23,355 = 377,512800301,41,502,50.99,C-
23,355 = 377,513100949,41,502,50.99,C-
23,355 = 377,512804429,41,502,50.99,C-
23,355 = 377,512905079,41,502,50.99,C-
23,355 = 377,512510219,41,502,50.99,C-
23,355 = 377,513103359,41,502,50.99,C-
23,355 = 377,513103370,41,502,50.99,C-
23,355 = 377,513102706,41,502,50.99,C-
23,355 = 377,512903435,41,502,50.99,C-
23,378 = 413,512508548,40,495,47.97,D
23,378 = 413,512511647,40,495,47.97,D
23,378 = 413,513103620,40,495,47.97,D
23,378 = 413,513104606,40,495,47.97,D
23,378 = 413,512507011,40,495,47.97,D
23,378 = 413,512404971,40,495,47.97,D
23,378 = 413,512404781,40,495,47.97,D
23,378 = 413,512902645,40,495,47.97,D
23,378 = 413,512506525,40,495,47.97,D
23,378 = 413,512506596,40,495,47.97,D
23,378 = 413,512804130,40,495,47.97,D
23,378 = 413,512800593,40,495,47.97,D
23,378 = 413,512800534,40,495,47.97,D
23,378 = 413,512500365,40,495,47.97,D
23,378 = 413,512900143,40,495,47.97,D
23,378 = 413,512800277,40,495,47.97,D
23,378 = 413,512800278,40,495,47.97,D
23,378 = 413,512501023,40,495,47.97,D
23,378 = 413,512400971,40,495,47.97,D
23,378 = 413,512700978,40,495,47.97,D
23,378 = 413,512501504,40,495,47.97,D
23,378 = 413,512801918,40,495,47.97,D
23,378 = 413,512504132,40,495,47.97,D
23,378 = 413,512402573,40,495,47.97,D
23,378 = 413,512504781,40,495,47.97,D
23,378 = 413,512902084,40,495,47.97,D
23,378 = 413,512402955,40,495,47.97,D
23,378 = 413,512702283,40,495,47.97,D
23,378 = 413,512901446,40,495,47.97,D
23,378 = 413,512401990,40,495,47.97,D
23,378 = 413,513000611,40,495,47.97,D
23,378 = 413,512900992,40,495,47.97,D
23,378 = 413,512701694,40,495,47.97,D
23,378 = 413,513000804,40,495,47.97,D
23,378 = 413,512901250,40,495,47.97,D
23,378 = 413,512802387,40,495,47.97,D
23,414 = 439,512502719,39,487,44.84,D
23,414 = 439,512402214,39,487,44.84,D
23,414 = 439,512505095,39,487,44.84,D
23,414 = 439,513001589,39,487,44.84,D
23,414 = 439,513001815,39,487,44.84,D
23,414 = 439,512701048,39,487,44.84,D
23,414 = 439,512900662,39,487,44.84,D
23,414 = 439,512800901,39,487,44.84,D
23,414 = 439,512400170,39,487,44.84,D
23,414 = 439,512800247,39,487,44.84,D
23,414 = 439,513100175,39,487,44.84,D
23,414 = 439,513100296,39,487,44.84,D
23,414 = 439,513100265,39,487,44.84,D
23,414 = 439,513100737,39,487,44.84,D
23,414 = 439,512400396,39,487,44.84,D
23,414 = 439,513100968,39,487,44.84,D
23,414 = 439,512506084,39,487,44.84,D
23,414 = 439,513001876,39,487,44.84,D
23,414 = 439,512404635,39,487,44.84,D
23,414 = 439,513105233,39,487,44.84,D
23,414 = 439,513106209,39,487,44.84,D
23,414 = 439,513103833,39,487,44.84,D
23,414 = 439,513104275,39,487,44.84,D
23,414 = 439,512805274,39,487,44.84,D
23,414 = 439,513102674,39,487,44.84,D
23,414 = 439,513002554,39,487,44.84,D
23,440 = 467,512405577,38,480,41.9,D
23,440 = 467,513102719,38,480,41.9,D
23,440 = 467,513104875,38,480,41.9,D
23,440 = 467,512404468,38,480,41.9,D
23,440 = 467,512704406,38,480,41.9,D
23,440 = 467,512805025,38,480,41.9,D
23,440 = 467,513001900,38,480,41.9,D
23,440 = 467,512902669,38,480,41.9,D
23,440 = 467,512902742,38,480,41.9,D
23,440 = 467,512506548,38,480,41.9,D
23,440 = 467,512500558,38,480,41.9,D
23,440 = 467,512500442,38,480,41.9,D
23,440 = 467,512500400,38,480,41.9,D
23,440 = 467,513100510,38,480,41.9,D
23,440 = 467,512800325,38,480,41.9,D
23,440 = 467,513000579,38,480,41.9,D
23,440 = 467,512502198,38,480,41.9,D
23,440 = 467,513000600,38,480,41.9,D
23,440 = 467,512801804,38,480,41.9,D
23,440 = 467,512502092,38,480,41.9,D
23,440 = 467,512900853,38,480,41.9,D
23,440 = 467,512505027,38,480,41.9,D
23,440 = 467,512702841,38,480,41.9,D
23,440 = 467,512402565,38,480,41.9,D
23,440 = 467,512901586,38,480,41.9,D
23,440 = 467,512901541,38,480,41.9,D
23,440 = 467,512503296,38,480,41.9,D
23,440 = 467,512702009,38,480,41.9,D
23,468 = 489,512802508,37,472,38.96,D
23,468 = 489,512502463,37,472,38.96,D
23,468 = 489,512502474,37,472,38.96,D
23,468 = 489,513102013,37,472,38.96,D
23,468 = 489,512504809,37,472,38.96,D
23,468 = 489,512902225,37,472,38.96,D
23,468 = 489,512902339,37,472,38.96,D
23,468 = 489,512400639,37,472,38.96,D
23,468 = 489,513101243,37,472,38.96,D
23,468 = 489,513101144,37,472,38.96,D
23,468 = 489,513101282,37,472,38.96,D
23,468 = 489,512800305,37,472,38.96,D
23,468 = 489,512900055,37,472,38.96,D
23,468 = 489,513100091,37,472,38.96,D
23,468 = 489,512800732,37,472,38.96,D
23,468 = 489,512506216,37,472,38.96,D
23,468 = 489,513105449,37,472,38.96,D
23,468 = 489,513106141,37,472,38.96,D
23,468 = 489,513103856,37,472,38.96,D
23,468 = 489,511400781,37,472,38.96,D
23,468 = 489,512508688,37,472,38.96,D
23,468 = 489,512904964,37,472,38.96,D
23,490 = 518,513002510,36,465,36.35,D
23,490 = 518,512905154,36,465,36.35,D
23,490 = 518,513104515,36,465,36.35,D
23,490 = 518,512804286,36,465,36.35,D
23,490 = 518,512703530,36,465,36.35,D
23,490 = 518,512508218,36,465,36.35,D
23,490 = 518,512804653,36,465,36.35,D
23,490 = 518,512506527,36,465,36.35,D
23,490 = 518,513000199,36,465,36.35,D
23,490 = 518,513000170,36,465,36.35,D
23,490 = 518,512400496,36,465,36.35,D
23,490 = 518,512800720,36,465,36.35,D
23,490 = 518,512800318,36,465,36.35,D
23,490 = 518,512600060,36,465,36.35,D
23,490 = 518,512500358,36,465,36.35,D
23,490 = 518,512800263,36,465,36.35,D
23,490 = 518,512800326,36,465,36.35,D
23,490 = 518,512501069,36,465,36.35,D
23,490 = 518,512801711,36,465,36.35,D
23,490 = 518,512501531,36,465,36.35,D
23,490 = 518,512403120,36,465,36.35,D
23,490 = 518,512902270,36,465,36.35,D
23,490 = 518,512803282,36,465,36.35,D
23,490 = 518,512803128,36,465,36.35,D
23,490 = 518,512802868,36,465,36.35,D
23,490 = 518,512901117,36,465,36.35,D
23,490 = 518,512503126,36,465,36.35,D
23,490 = 518,512802646,36,465,36.35,D
23,490 = 518,512901472,36,465,36.35,D
23,519 = 543,512702273,35,458,33.81,D
23,519 = 543,512503346,35,458,33.81,D
23,519 = 543,512802633,35,458,33.81,D
23,519 = 543,512503067,35,458,33.81,D
23,519 = 543,512802097,35,458,33.81,D
23,519 = 543,513000695,35,458,33.81,D
23,519 = 543,512401761,35,458,33.81,D
23,519 = 543,512802299,35,458,33.81,D
23,519 = 543,513101927,35,458,33.81,D
23,519 = 543,512402340,35,458,33.81,D
23,519 = 543,513001405,35,458,33.81,D
23,519 = 543,512501365,35,458,33.81,D
23,519 = 543,512800310,35,458,33.81,D
23,519 = 543,512900014,35,458,33.81,D
23,519 = 543,512700537,35,458,33.81,D
23,519 = 543,512404378,35,458,33.81,D
23,519 = 543,512804647,35,458,33.81,D
23,519 = 543,512804958,35,458,33.81,D
23,519 = 543,512805091,35,458,33.81,D
23,519 = 543,512404200,35,458,33.81,D
23,519 = 543,513105967,35,458,33.81,D
23,519 = 543,512805127,35,458,33.81,D
23,519 = 543,512405773,35,458,33.81,D
23,519 = 543,512904046,35,458,33.81,D
23,519 = 543,512904102,35,458,33.81,D
23,544 = 577,512509841,34,449,30.64,D-
23,544 = 577,512905028,34,449,30.64,D-
23,544 = 577,513102600,34,449,30.64,D-
23,544 = 577,513002530,34,449,30.64,D-
23,544 = 577,513105283,34,449,30.64,D-
23,544 = 577,512404259,34,449,30.64,D-
23,544 = 577,512508052,34,449,30.64,D-
23,544 = 577,512507669,34,449,30.64,D-
23,544 = 577,512507586,34,449,30.64,D-
23,544 = 577,512507141,34,449,30.64,D-
23,544 = 577,513100791,34,449,30.64,D-
23,544 = 577,512800856,34,449,30.64,D-
23,544 = 577,512800736,34,449,30.64,D-
23,544 = 577,512500046,34,449,30.64,D-
23,544 = 577,512800268,34,449,30.64,D-
23,544 = 577,512900677,34,449,30.64,D-
23,544 = 577,512801215,34,449,30.64,D-
23,544 = 577,513101345,34,449,30.64,D-
23,544 = 577,512501562,34,449,30.64,D-
23,544 = 577,512701066,34,449,30.64,D-
23,544 = 577,512801807,34,449,30.64,D-
23,544 = 577,512801812,34,449,30.64,D-
23,544 = 577,512901908,34,449,30.64,D-
23,544 = 577,512702830,34,449,30.64,D-
23,544 = 577,512505247,34,449,30.64,D-
23,544 = 577,512504879,34,449,30.64,D-
23,544 = 577,512505292,34,449,30.64,D-
23,544 = 577,512902361,34,449,30.64,D-
23,544 = 577,513001755,34,449,30.64,D-
23,544 = 577,512701711,34,449,30.64,D-
23,544 = 577,512802422,34,449,30.64,D-
23,544 = 577,512502428,34,449,30.64,D-
23,544 = 577,513101727,34,449,30.64,D-
23,544 = 577,512502504,34,449,30.64,D-
23,578 = 602,512802171,33,440,27.29,D-
23,578 = 602,512701741,33,440,27.29,D-
23,578 = 602,512503062,33,440,27.29,D-
23,578 = 602,512401918,33,440,27.29,D-
23,578 = 602,513001781,33,440,27.29,D-
23,578 = 602,512703143,33,440,27.29,D-
23,578 = 602,512902230,33,440,27.29,D-
23,578 = 602,512901922,33,440,27.29,D-
23,578 = 602,512402734,33,440,27.29,D-
23,578 = 602,512504178,33,440,27.29,D-
23,578 = 602,513101991,33,440,27.29,D-
23,578 = 602,512801930,33,440,27.29,D-
23,578 = 602,512800254,33,440,27.29,D-
23,578 = 602,512900059,33,440,27.29,D-
23,578 = 602,513000061,33,440,27.29,D-
23,578 = 602,512800744,33,440,27.29,D-
23,578 = 602,512800847,33,440,27.29,D-
23,578 = 602,513100811,33,440,27.29,D-
23,578 = 602,513100661,33,440,27.29,D-
23,578 = 602,512800344,33,440,27.29,D-
23,578 = 602,512507069,33,440,27.29,D-
23,578 = 602,512508071,33,440,27.29,D-
23,578 = 602,512404858,33,440,27.29,D-
23,578 = 602,513106151,33,440,27.29,D-
23,578 = 602,513106115,33,440,27.29,D-
23,603 = 629,513105385,32,431,24.42,D-
23,603 = 629,513105343,32,431,24.42,D-
23,603 = 629,513104571,32,431,24.42,D-
23,603 = 629,513104360,32,431,24.42,D-
23,603 = 629,513102779,32,431,24.42,D-
23,603 = 629,512705138,32,431,24.42,D-
23,603 = 629,512904808,32,431,24.42,D-
23,603 = 629,513102908,32,431,24.42,D-
23,603 = 629,512903226,32,431,24.42,D-
23,603 = 629,512403995,32,431,24.42,D-
23,603 = 629,512803969,32,431,24.42,D-
23,603 = 629,512403632,32,431,24.42,D-
23,603 = 629,513100547,32,431,24.42,D-
23,603 = 629,512400346,32,431,24.42,D-
23,603 = 629,512800692,32,431,24.42,D-
23,603 = 629,513100177,32,431,24.42,D-
23,603 = 629,512800300,32,431,24.42,D-
23,603 = 629,513101508,32,431,24.42,D-
23,603 = 629,512701149,32,431,24.42,D-
23,603 = 629,513000352,32,431,24.42,D-
23,603 = 629,513101990,32,431,24.42,D-
23,603 = 629,513001389,32,431,24.42,D-
23,603 = 629,512902144,32,431,24.42,D-
23,603 = 629,513102058,32,431,24.42,D-
23,603 = 629,512902375,32,431,24.42,D-
23,603 = 629,512502970,32,431,24.42,D-
23,603 = 629,512503093,32,431,24.42,D-
23,630 = 646,512503540,31,423,22.18,D-
23,630 = 646,512701775,31,423,22.18,D-
23,630 = 646,512902362,31,423,22.18,D-
23,630 = 646,512900585,31,423,22.18,D-
23,630 = 646,513101542,31,423,22.18,D-
23,630 = 646,512701419,31,423,22.18,D-
23,630 = 646,512900876,31,423,22.18,D-
23,630 = 646,512800306,31,423,22.18,D-
23,630 = 646,512700072,31,423,22.18,D-
23,630 = 646,513102171,31,423,22.18,D-
23,630 = 646,512507772,31,423,22.18,D-
23,630 = 646,512805117,31,423,22.18,D-
23,630 = 646,512905008,31,423,22.18,D-
23,630 = 646,512805457,31,423,22.18,D-
23,630 = 646,513104538,31,423,22.18,D-
23,630 = 646,512905090,31,423,22.18,D-
23,630 = 646,513105256,31,423,22.18,D-
23,647 = 668,513105657,30,416,20.16,D-
23,647 = 668,513106110,30,416,20.16,D-
23,647 = 668,513103725,30,416,20.16,D-
23,647 = 668,513104128,30,416,20.16,D-
23,647 = 668,512904158,30,416,20.16,D-
23,647 = 668,512804488,30,416,20.16,D-
23,647 = 668,512902949,30,416,20.16,D-
23,647 = 668,513100934,30,416,20.16,D-
23,647 = 668,513101267,30,416,20.16,D-
23,647 = 668,512900644,30,416,20.16,D-
23,647 = 668,512902365,30,416,20.16,D-
23,647 = 668,512703254,30,416,20.16,D-
23,647 = 668,512702960,30,416,20.16,D-
23,647 = 668,512504323,30,416,20.16,D-
23,647 = 668,513102029,30,416,20.16,D-
23,647 = 668,513102037,30,416,20.16,D-
23,647 = 668,512803017,30,416,20.16,D-
23,647 = 668,512702539,30,416,20.16,D-
23,647 = 668,512701708,30,416,20.16,D-
23,647 = 668,512701804,30,416,20.16,D-
23,647 = 668,512802083,30,416,20.16,D-
23,647 = 668,512402171,30,416,20.16,D-
23,669 = 683,512402158,29,408,17.99,D-
23,669 = 683,512503107,29,408,17.99,D-
23,669 = 683,512701929,29,408,17.99,D-
23,669 = 683,513001503,29,408,17.99,D-
23,669 = 683,512801177,29,408,17.99,D-
23,669 = 683,513000251,29,408,17.99,D-
23,669 = 683,513000304,29,408,17.99,D-
23,669 = 683,513100187,29,408,17.99,D-
23,669 = 683,512404426,29,408,17.99,D-
23,669 = 683,513102404,29,408,17.99,D-
23,669 = 683,513102197,29,408,17.99,D-
23,669 = 683,512506598,29,408,17.99,D-
23,669 = 683,513102899,29,408,17.99,D-
23,669 = 683,512903775,29,408,17.99,D-
23,669 = 683,512903724,29,408,17.99,D-
23,684 = 702,513102669,28,401,16.15,D-
23,684 = 702,513103207,28,401,16.15,D-
23,684 = 702,513103665,28,401,16.15,D-
23,684 = 702,513104429,28,401,16.15,D-
23,684 = 702,513104260,28,401,16.15,D-
23,684 = 702,513104783,28,401,16.15,D-
23,684 = 702,512506121,28,401,16.15,D-
23,684 = 702,513001938,28,401,16.15,D-
23,684 = 702,512404659,28,401,16.15,D-
23,684 = 702,513002208,28,401,16.15,D-
23,684 = 702,512700007,28,401,16.15,D-
23,684 = 702,512700646,28,401,16.15,D-
23,684 = 702,512801819,28,401,16.15,D-
23,684 = 702,512900842,28,401,16.15,D-
23,684 = 702,512902271,28,401,16.15,D-
23,684 = 702,513001537,28,401,16.15,D-
23,684 = 702,513001763,28,401,16.15,D-
23,684 = 702,512703292,28,401,16.15,D-
23,684 = 702,512802866,28,401,16.15,D-
23,703 = 723,512803167,27,393,14.31,F
23,703 = 723,513001799,27,393,14.31,F
23,703 = 723,512902130,27,393,14.31,F
23,703 = 723,512702355,27,393,14.31,F
23,703 = 723,513101698,27,393,14.31,F
23,703 = 723,512701223,27,393,14.31,F
23,703 = 723,513000501,27,393,14.31,F
23,703 = 723,512801526,27,393,14.31,F
23,703 = 723,512401084,27,393,14.31,F
23,703 = 723,512800735,27,393,14.31,F
23,703 = 723,513100794,27,393,14.31,F
23,703 = 723,513100709,27,393,14.31,F
23,703 = 723,512700440,27,393,14.31,F
23,703 = 723,512804448,27,393,14.31,F
23,703 = 723,513002144,27,393,14.31,F
23,703 = 723,513105136,27,393,14.31,F
23,703 = 723,513105725,27,393,14.31,F
23,703 = 723,513105350,27,393,14.31,F
23,703 = 723,513104308,27,393,14.31,F
23,703 = 723,513104228,27,393,14.31,F
23,703 = 723,513103884,27,393,14.31,F
23,724 = 743,513104378,26,385,12.28,F
23,724 = 743,513104585,26,385,12.28,F
23,724 = 743,512904245,26,385,12.28,F
23,724 = 743,512403670,26,385,12.28,F
23,724 = 743,512902635,26,385,12.28,F
23,724 = 743,513100618,26,385,12.28,F
23,724 = 743,512900210,26,385,12.28,F
23,724 = 743,512800366,26,385,12.28,F
23,724 = 743,512800757,26,385,12.28,F
23,724 = 743,512800882,26,385,12.28,F
23,724 = 743,512800885,26,385,12.28,F
23,724 = 743,512400035,26,385,12.28,F
23,724 = 743,513100414,26,385,12.28,F
23,724 = 743,512400915,26,385,12.28,F
23,724 = 743,512501894,26,385,12.28,F
23,724 = 743,512402166,26,385,12.28,F
23,724 = 743,512802183,26,385,12.28,F
23,724 = 743,512701847,26,385,12.28,F
23,724 = 743,512505666,26,385,12.28,F
23,724 = 743,512504037,26,385,12.28,F
23,744 = 761,512901806,25,374,10.37,F
23,744 = 761,512504975,25,374,10.37,F
23,744 = 761,512505044,25,374,10.37,F
23,744 = 761,512503547,25,374,10.37,F
23,744 = 761,512503382,25,374,10.37,F
23,744 = 761,512801602,25,374,10.37,F
23,744 = 761,512701029,25,374,10.37,F
23,744 = 761,513101701,25,374,10.37,F
23,744 = 761,512801838,25,374,10.37,F
23,744 = 761,512700931,25,374,10.37,F
23,744 = 761,512800280,25,374,10.37,F
23,744 = 761,513100094,25,374,10.37,F
23,744 = 761,512404011,25,374,10.37,F
23,744 = 761,512904315,25,374,10.37,F
23,744 = 761,512508543,25,374,10.37,F
23,744 = 761,512509306,25,374,10.37,F
23,744 = 761,513104976,25,374,10.37,F
23,744 = 761,513103486,25,374,10.37,F
23,762 = 778,513105740,24,364,8.64,F
23,762 = 778,513105841,24,364,8.64,F
23,762 = 778,512509721,24,364,8.64,F
23,762 = 778,513102649,24,364,8.64,F
23,762 = 778,512904357,24,364,8.64,F
23,762 = 778,512905033,24,364,8.64,F
23,762 = 778,513102279,24,364,8.64,F
23,762 = 778,512506903,24,364,8.64,F
23,762 = 778,513102468,24,364,8.64,F
23,762 = 778,512800311,24,364,8.64,F
23,762 = 778,512802232,24,364,8.64,F
23,762 = 778,512902217,24,364,8.64,F
23,762 = 778,512505694,24,364,8.64,F
23,762 = 778,512504427,24,364,8.64,F
23,762 = 778,513001238,24,364,8.64,F
23,762 = 778,513001232,24,364,8.64,F
23,762 = 778,512504076,24,364,8.64,F
23,779 = 789,512803110,23,353,7.02,F
23,779 = 789,512503670,23,353,7.02,F
23,779 = 789,512504641,23,353,7.02,F
23,779 = 789,512402096,23,353,7.02,F
23,779 = 789,512802609,23,353,7.02,F
23,779 = 789,512700218,23,353,7.02,F
23,779 = 789,512800014,23,353,7.02,F
23,779 = 789,512801559,23,353,7.02,F
23,779 = 789,512900833,23,353,7.02,F
23,779 = 789,512903127,23,353,7.02,F
23,779 = 789,512505798,23,353,7.02,F
23,790 = 798,512902945,22,343,5.77,F
23,790 = 798,513102897,22,343,5.77,F
23,790 = 798,513104845,22,343,5.77,F
23,790 = 798,513104460,22,343,5.77,F
23,790 = 798,513104547,22,343,5.77,F
23,790 = 798,513100933,22,343,5.77,F
23,790 = 798,513100702,22,343,5.77,F
23,790 = 798,513000705,22,343,5.77,F
23,790 = 798,512902402,22,343,5.77,F
23,799 = 813,512902062,21,332,4.67,F
23,799 = 813,512803197,21,332,4.67,F
23,799 = 813,512502851,21,332,4.67,F
23,799 = 813,512502814,21,332,4.67,F
23,799 = 813,512503198,21,332,4.67,F
23,799 = 813,512901482,21,332,4.67,F
23,799 = 813,512900803,21,332,4.67,F
23,799 = 813,513000549,21,332,4.67,F
23,799 = 813,511400186,21,332,4.67,F
23,799 = 813,512700731,21,332,4.67,F
23,799 = 813,513103697,21,332,4.67,F
23,799 = 813,513002511,21,332,4.67,F
23,799 = 813,512404384,21,332,4.67,F
23,799 = 813,512903244,21,332,4.67,F
23,799 = 813,512506440,21,332,4.67,F
23,814 = 826,512506500,20,317,3.38,F
23,814 = 826,512902802,20,317,3.38,F
23,814 = 826,512804417,20,317,3.38,F
23,814 = 826,512804471,20,317,3.38,F
23,814 = 826,512700893,20,317,3.38,F
23,814 = 826,513101118,20,317,3.38,F
23,814 = 826,513101611,20,317,3.38,F
23,814 = 826,513100739,20,317,3.38,F
23,814 = 826,512800848,20,317,3.38,F
23,814 = 826,512702183,20,317,3.38,F
23,814 = 826,512901138,20,317,3.38,F
23,814 = 826,512802213,20,317,3.38,F
23,814 = 826,512703174,20,317,3.38,F
23,827 = 831,512504561,19,304,2.53,F
23,827 = 831,512504386,19,304,2.53,F
23,827 = 831,512702213,19,304,2.53,F
23,827 = 831,512404982,19,304,2.53,F
23,827 = 831,513105099,19,304,2.53,F
23,832,512901110,18,300,2.2,F
23,833 = 834,512902178,17,294,1.91,F
23,833 = 834,513000101,17,294,1.91,F
23,835 = 839,512700533,16,285,1.58,F
23,835 = 839,513100219,16,285,1.58,F
23,835 = 839,512402537,16,285,1.58,F
23,835 = 839,512802824,16,285,1.58,F
23,835 = 839,512905169,16,285,1.58,F
23,840 = 846,512904181,15,273,1.14,F
23,840 = 846,512804785,15,273,1.14,F
23,840 = 846,513000741,15,273,1.14,F
23,840 = 846,512702858,15,273,1.14,F
23,840 = 846,513101406,15,273,1.14,F
23,840 = 846,512801293,15,273,1.14,F
23,840 = 846,512801194,15,273,1.14,F
23,847 = 849,512801421,14,256,0.73,F
23,847 = 849,512701516,14,256,0.73,F
23,847 = 849,513104195,14,256,0.73,F
23,850 = 852,512904178,13,240,0.47,F
23,850 = 852,512802342,13,240,0.47,F
23,850 = 852,512501559,13,240,0.47,F
23,853,512506224,12,224,0.29,F
23,854,512900684,11,209,0.18,F
23,855,513104407,9,200,0.03,F
